run,mode,count,frames,mean_ms,p95_ms,max_ms,object_count,node_count,static_memory_mb
1,servers,500,600,0.164,0.194,0.253,2000,6,25.00
1,nodes,500,600,0.319,0.462,0.648,3501,1506,29.23
1,servers,2000,600,0.669,0.799,0.909,3500,6,28.15
1,nodes,2000,600,2.684,3.218,5.840,9501,6006,45.56
1,servers,5000,600,1.853,2.155,2.513,6500,6,34.64
1,nodes,5000,600,8.508,9.738,11.546,21501,15006,78.30
2,servers,500,600,0.165,0.203,0.263,2000,6,25.02
2,nodes,500,600,0.329,0.451,0.578,3501,1506,29.23
2,servers,2000,600,0.665,0.781,0.944,3500,6,28.15
2,nodes,2000,600,2.427,3.116,3.987,9501,6006,45.56
2,servers,5000,600,1.819,2.097,2.628,6500,6,34.64
2,nodes,5000,600,8.684,9.918,12.311,21501,15006,78.30
3,servers,500,600,0.161,0.187,0.285,2000,6,25.00
3,nodes,500,600,0.326,0.469,0.588,3501,1506,29.23
3,servers,2000,600,0.662,0.767,0.918,3500,6,28.20
3,nodes,2000,600,2.615,3.155,9.690,9501,6006,45.56
3,servers,5000,600,2.310,2.996,14.283,6500,6,34.64
3,nodes,5000,600,18.684,54.356,240.303,21501,15006,78.30
4,servers,500,600,0.509,0.264,62.756,2000,6,25.02
4,nodes,500,600,2.268,12.720,98.133,3501,1506,29.23
4,servers,2000,600,2.401,3.647,95.499,3500,6,28.20
4,nodes,2000,600,11.622,58.500,175.976,9501,6006,45.56
4,servers,5000,600,8.970,42.080,148.725,6500,6,34.52
4,nodes,5000,600,39.009,106.842,231.310,21501,15006,78.42
5,servers,500,600,0.504,0.229,38.880,2000,6,25.02
5,nodes,500,600,1.074,2.308,73.150,3501,1506,29.23
5,servers,2000,600,1.728,5.081,90.315,3500,6,28.15
5,nodes,2000,600,6.675,26.618,97.059,9501,6006,45.56
5,servers,5000,600,2.339,3.339,53.522,6500,6,34.64
5,nodes,5000,600,10.198,14.123,115.433,21501,15006,78.30
