25,-0.905600,0.08,0.954309
50,-0.990400,0.04,0.906713
75,-0.940400,0.08,0.859118
100,-0.897200,0.12,0.811523
125,-0.461200,0.32,0.763928
150,-0.106400,0.52,0.716333
175,-0.170400,0.48,0.668737
200,-0.514400,0.28,0.621142
225,-0.156400,0.48,0.573547
250,-0.438000,0.32,0.525952
275,0.422800,0.76,0.478357
300,-0.212000,0.44,0.430762
325,-0.036400,0.52,0.383166
350,0.498000,0.80,0.335571
375,0.437200,0.76,0.287976
400,0.521200,0.80,0.240381
425,0.521200,0.80,0.192786
450,0.758400,0.92,0.145190
475,0.838800,0.96,0.097595
500,0.850000,0.96,0.050000
