25,-0.957200,0.08,0.954309
50,-0.834400,0.12,0.906713
75,-0.878800,0.12,0.859118
100,-0.639200,0.24,0.811523
125,-0.677200,0.20,0.763928
150,-0.384400,0.36,0.716333
175,-0.697600,0.20,0.668737
200,-0.315600,0.40,0.621142
225,-0.607600,0.24,0.573547
250,-0.365200,0.36,0.525952
275,0.121600,0.60,0.478357
300,0.116400,0.60,0.430762
325,0.116000,0.60,0.383166
350,0.517200,0.80,0.335571
375,0.198800,0.64,0.287976
400,0.366400,0.72,0.240381
425,0.604000,0.84,0.192786
450,0.447600,0.76,0.145190
475,0.374800,0.72,0.097595
500,0.689600,0.88,0.050000
